,open,close,high,low,volume,money
2019/7/12,3783.07,3808.73,3820.24,3774.52,7546596700,1.07E+11
2019/7/15,3792.64,3824.19,3844.87,3745.85,10120522200,1.42E+11
2019/7/16,3819.25,3806.84,3828.33,3799.87,8073095200,1.08E+11
2019/7/17,3800.11,3804.64,3820.27,3787.9,9518388500,1.17E+11
2019/7/18,3793.19,3768.4,3793.39,3768,8749644500,1.12E+11
2019/7/19,3787.51,3807.96,3828.15,3787.51,8808614900,1.18E+11
2019/7/22,3813.5,3781.68,3816.54,3765.44,9210137700,1.18E+11
2019/7/23,3783.54,3789.91,3792.96,3768.76,7131334600,1.04E+11
2019/7/24,3803.59,3819.83,3840.06,3803.57,9094068400,1.30E+11
2019/7/25,3821.39,3851.07,3851.07,3812.95,9374041700,1.26E+11
2019/7/26,3835.23,3858.57,3863.59,3832.52,8325930000,1.11E+11
2019/7/29,3857.94,3854.27,3862.75,3842.43,8481437000,1.12E+11
2019/7/30,3861.57,3870.32,3890.73,3861.57,9412395500,1.20E+11
2019/7/31,3856.74,3835.36,3856.74,3830.09,8215115500,1.11E+11
2019/8/1,3819.32,3803.47,3831.26,3791.55,8411418000,1.18E+11
2019/8/2,3729.13,3747.44,3754.53,3720.06,10833589700,1.42E+11
2019/8/5,3724.41,3675.69,3739.5,3675.69,10132598100,1.33E+11
2019/8/6,3609.11,3636.33,3649.9,3575.86,12983387100,1.67E+11
2019/8/7,3654.63,3621.43,3659.08,3621.43,8423871600,1.09E+11
2019/8/8,3651.36,3669.29,3675.46,3646.94,8845770700,1.15E+11
2019/8/9,3686.75,3633.53,3689.18,3628.12,8529558000,1.16E+11
2019/8/12,3647.87,3699.1,3699.1,3643.32,8208305600,1.21E+11
2019/8/13,3675.59,3665.75,3686.43,3658.01,7650030200,1.04E+11
2019/8/14,3712.07,3682.4,3717.56,3680.61,9120259000,1.28E+11
2019/8/15,3618.01,3694,3694.3,3612.11,8859883200,1.19E+11
2019/8/16,3697.94,3710.54,3738.1,3687.08,8831916900,1.33E+11
2019/8/19,3736.03,3791.09,3791.09,3720.69,13932701300,1.95E+11
2019/8/20,3786.03,3787.73,3799.9,3778.73,10860208800,1.49E+11
2019/8/21,3778.31,3781.76,3792.6,3775.45,8229988000,1.22E+11
2019/8/22,3793.86,3793.51,3797.33,3771.2,8580779200,1.21E+11
2019/8/23,3796.88,3820.86,3829.36,3788.03,8795458300,1.38E+11
2019/8/26,3756.36,3765.91,3778.87,3753.16,9385926900,1.42E+11
2019/8/27,3791.46,3816.95,3848.24,3790.87,12473147800,1.82E+11
2019/8/28,3818.81,3802.58,3822.59,3790.14,8875081200,1.38E+11
2019/8/29,3805.49,3790.19,3808.6,3774.4,8408338700,1.26E+11
2019/8/30,3816.68,3799.59,3828.97,3778.92,9669515000,1.52E+11
2019/9/2,3803.69,3848.32,3855.78,3799.82,11028934900,1.65E+11
2019/9/3,3852.58,3853.61,3856.68,3833.76,9771463100,1.46E+11
2019/9/4,3848.65,3886,3886,3846.42,12662861500,1.77E+11
2019/9/5,3909.21,3925.32,3970,3909.21,18165623100,2.45E+11
2019/9/6,3946.69,3948.51,3948.54,3922.34,12188237600,1.82E+11
2019/9/9,3980.96,3972.95,3985.24,3954.88,14680975400,2.10E+11
2019/9/10,3976.87,3959.27,3976.92,3938.74,13088938600,1.84E+11
2019/9/11,3969.68,3930.1,3971.22,3922.95,13159487500,1.90E+11
2019/9/12,3944.69,3972.38,3975.93,3933.44,11024127300,1.57E+11
2019/9/16,3981.36,3957.72,3982.2,3943.37,11025980500,1.55E+11
2019/9/17,3947.16,3891.22,3947.16,3879.49,11369431700,1.55E+11
2019/9/18,3902.99,3910.08,3923.15,3902.51,8205615200,1.30E+11
2019/9/19,3923.96,3924.38,3924.38,3897.07,8598423800,1.27E+11
2019/9/20,3933.46,3935.65,3942.22,3921.41,10345595500,1.53E+11
2019/9/23,3925.19,3890.66,3925.19,3868.21,9403622500,1.39E+11
2019/9/24,3895.87,3901.08,3927.01,3886.14,8778323000,1.42E+11
2019/9/25,3887.55,3870.98,3889.84,3867.23,8952083500,1.33E+11
2019/9/26,3884.7,3841.14,3890.75,3840.25,10269830100,1.51E+11
2019/9/27,3843.46,3852.65,3859.5,3832.25,7400394700,1.09E+11
2019/9/30,3842.07,3814.53,3857.23,3813.55,6593131300,1.00E+11
2019/10/8,3818.59,3837.68,3861.64,3818.59,7665786000,1.18E+11
2019/10/9,3822.61,3843.24,3845.34,3805.07,7585451200,1.12E+11
2019/10/10,3838.49,3874.64,3877.14,3829.43,7922269400,1.27E+11
2019/10/11,3885.52,3911.73,3922.37,3868.84,9341257700,1.40E+11
2019/10/14,3944.86,3953.24,3983.81,3934.73,12239361100,1.68E+11
2019/10/15,3953.16,3936.25,3953.16,3928.15,8527394900,1.25E+11
2019/10/16,3939.28,3922.69,3964.05,3919.02,8322970700,1.29E+11
2019/10/17,3929.39,3925.22,3935.81,3913.92,6486374500,99991850409
2019/10/18,3935.42,3869.38,3940.54,3864.97,8232114000,1.22E+11
2019/10/21,3865.34,3880.84,3884.74,3856.04,7418291800,1.11E+11
2019/10/22,3896.31,3895.88,3897.44,3870.55,6891856600,1.03E+11
2019/10/23,3892.68,3871.08,3901.42,3862.2,7019862500,99733598353
2019/10/24,3877.92,3870.67,3890.2,3852.58,7133457500,1.05E+11
2019/10/25,3871.77,3896.79,3899.72,3849.03,7745362000,1.27E+11
2019/10/28,3904.98,3926.59,3927.8,3897.82,9740602000,1.51E+11
2019/10/29,3929.71,3910.23,3932.37,3910.23,8225707500,1.40E+11
2019/10/30,3904.72,3891.23,3908.1,3883.45,7787292300,1.23E+11
2019/10/31,3906.86,3886.75,3907.15,3878.88,8671453900,1.35E+11
2019/11/1,3883.81,3952.39,3956.08,3876.42,10068961200,1.51E+11
2019/11/4,3964.01,3978.12,3985.36,3964.01,10419385500,1.54E+11
2019/11/5,3982.12,4002.81,4030.64,3970.87,11291188000,1.63E+11
2019/11/6,4006.33,3984.88,4007.5,3973.78,9731295200,1.40E+11
2019/11/7,3984.55,3991.87,4005.38,3975.55,8725489800,1.18E+11
2019/11/8,4017.67,3973.01,4022.04,3971.57,9710694800,1.39E+11
2019/11/11,3948.62,3902.98,3948.62,3897.55,9415562100,1.30E+11
2019/11/12,3905.96,3903.69,3914.88,3877.74,7654306900,1.09E+11
2019/11/13,3905.28,3899.98,3908.42,3882.43,7674907800,1.12E+11
2019/11/14,3905.93,3905.86,3916.95,3895.14,8700844600,1.20E+11
2019/11/15,3908.49,3877.09,3915.1,3877.09,8373091700,1.15E+11
2019/11/18,3874.44,3907.93,3913.1,3868.32,7664599300,1.07E+11
2019/11/19,3904.1,3947.04,3947.04,3902.38,8216102500,1.23E+11
2019/11/20,3940.13,3907.86,3943.23,3901.99,7681533300,1.18E+11
2019/11/21,3894.54,3889.6,3901.83,3875.97,6913053800,1.04E+11
2019/11/22,3894.17,3849.99,3918.84,3833.5,9104263900,1.47E+11
2019/11/25,3850.97,3878.21,3878.25,3839.42,10606628900,1.41E+11
2019/11/26,3893.43,3891.65,3899.11,3869.59,11151353700,1.40E+11
2019/11/27,3883.43,3875.62,3889.98,3862.7,7643730500,1.07E+11
2019/11/28,3877.9,3862.3,3887.69,3852.01,6523011900,87081788912
2019/11/29,3857.19,3828.67,3861.66,3804.83,7414433100,1.16E+11
2019/12/2,3835.51,3836.06,3854.75,3829.31,7741217300,1.10E+11
2019/12/3,3829.21,3851.09,3851.12,3811.63,7361124000,1.09E+11
2019/12/4,3841.66,3849.82,3852.99,3831.07,7968338500,1.10E+11
2019/12/5,3863.61,3879.36,3883.4,3859.82,8905119300,1.29E+11
2019/12/6,3885.06,3902.39,3902.39,3878.7,7864888700,1.16E+11
2019/12/9,3909.53,3895.45,3911.97,3885.25,9535380600,1.31E+11
2019/12/10,3886.44,3900.38,3900.96,3882.09,8626292800,1.21E+11
2019/12/11,3907.16,3902.75,3909.39,3890.34,9976548000,1.28E+11
2019/12/12,3908.45,3891.02,3908.45,3886.12,8470833000,1.18E+11
2019/12/13,3928,3968.22,3969.46,3925.28,14857134900,2.01E+11
2019/12/16,3970.71,3987.55,3987.59,3953.51,14848667000,2.02E+11
2019/12/17,3987.74,4041.8,4067.14,3984.52,20116293700,2.52E+11
2019/12/18,4039.72,4032.78,4057.64,4025.34,15135176400,1.98E+11
2019/12/19,4034.62,4027.15,4038.54,4014.9,11790055800,1.53E+11
2019/12/20,4032.15,4017.25,4046.73,4014.93,12126766200,1.58E+11
2019/12/23,4014.69,3967.1,4032.17,3964.38,12281624600,1.62E+11
2019/12/24,3971.56,3992.96,3994.51,3963.67,9598904500,1.22E+11
2019/12/25,3988.66,3990.87,4000.56,3976.36,9493889000,1.32E+11
2019/12/26,3993.67,4025.99,4025.99,3993.54,10886064000,1.41E+11
2019/12/27,4029.25,4022.03,4066.8,4019.72,15092641100,1.95E+11
2019/12/30,4015.52,4081.63,4083.69,4001.5,15597148800,2.17E+11
2019/12/31,4077.75,4096.58,4098.14,4069.01,12326425800,1.73E+11
2020/1/2,4121.35,4152.24,4172.66,4121.35,18211677200,2.70E+11
2020/1/3,4161.22,4144.96,4164.3,4131.86,14282624400,2.15E+11
2020/1/6,4120.52,4129.3,4170.64,4102.38,17530995300,2.50E+11
2020/1/7,4137.4,4160.23,4161.25,4135.1,13948903100,1.96E+11
2020/1/8,4139.63,4112.32,4149.81,4101.98,16758585000,2.12E+11
2020/1/9,4145.53,4164.37,4165.66,4143.59,13688632400,2.00E+11
2020/1/10,4177.58,4163.18,4180.98,4148.48,11303171900,1.78E+11
2020/1/13,4166.93,4203.99,4203.99,4148.6,11969198200,2.00E+11
2020/1/14,4215.16,4189.89,4223.51,4188.08,12932078300,1.96E+11
2020/1/15,4186.88,4166.73,4193.87,4150.88,10463313600,1.63E+11
2020/1/16,4174.82,4149.04,4175.29,4142.18,10026764200,1.56E+11
2020/1/17,4162.19,4154.85,4177.03,4141.64,9872568200,1.67E+11
2020/1/20,4170.74,4185.83,4185.96,4149.49,12240914700,2.03E+11
2020/1/21,4165.02,4114.31,4165.02,4113.33,13052750700,2.05E+11
2020/1/22,4093.8,4131.93,4141.18,4046.49,12675876300,2.08E+11
2020/1/23,4093.32,4003.9,4103.52,3972.39,16035760300,2.50E+11
2020/2/3,3639.91,3688.36,3732.16,3639.91,15755964700,2.43E+11
2020/2/4,3652,3785.64,3786.86,3652,21393332800,2.98E+11
2020/2/5,3801.1,3828.53,3866.01,3781.61,17492552400,2.64E+11
2020/2/6,3841.75,3899.78,3914.92,3806.96,17646223500,2.63E+11
2020/2/7,3879.55,3899.87,3899.88,3849.71,15173175900,2.38E+11
2020/2/10,3872.37,3916.01,3920.17,3861.01,14840696900,2.30E+11
2020/2/11,3926.42,3952.46,3970.52,3915.71,14344167400,2.19E+11
2020/2/12,3945.67,3984.43,3984.43,3940.67,12671032100,2.01E+11
2020/2/13,3985.88,3959.92,3999.55,3950.14,14500184300,2.29E+11
2020/2/14,3954.23,3987.73,4001.56,3954.02,14323980300,2.23E+11
2020/2/17,3999.65,4077.42,4077.45,3999.65,18277896900,2.73E+11
2020/2/18,4069.83,4057.51,4076.39,4027.79,16323622000,2.43E+11
2020/2/19,4049.59,4051.31,4085.17,4042.85,16904644100,2.58E+11
2020/2/20,4062.9,4144.66,4148.53,4055.81,21223262400,3.11E+11
2020/2/21,4134.87,4149.49,4184.44,4130.17,21721360400,3.27E+11
2020/2/24,4131.84,4132.84,4149.01,4097.18,21286930300,3.26E+11
2020/2/25,4066.3,4123.85,4126.71,4020.91,24416783100,3.72E+11
2020/2/26,4070.1,4073.02,4132.78,4061.13,26109406100,3.66E+11
2020/2/27,4084.08,4084.88,4110.53,4067.44,18129098100,2.82E+11
2020/2/28,3988.73,3940.05,4031.15,3928.07,23027509300,3.30E+11
2020/3/2,3968.84,4069.67,4092.54,3968.84,21931355900,3.17E+11
2020/3/3,4125.14,4091.36,4147.65,4067.91,21936977700,3.31E+11
2020/3/4,4078.5,4115.05,4115.26,4060.73,18242473000,2.82E+11
2020/3/5,4150.21,4206.73,4215.85,4127.04,23182311500,3.63E+11
2020/3/6,4158.2,4138.51,4181.31,4135.39,17247571700,2.53E+11
2020/3/9,4063.08,3997.13,4063.08,3995.13,20810203500,3.05E+11
2020/3/10,3975.23,4082.73,4093,3954.75,19741640200,2.96E+11
2020/3/11,4090.93,4028.43,4091.27,4028.4,16165611100,2.45E+11
2020/3/12,3976.11,3950.91,3987.43,3926.27,15706045800,2.33E+11
2020/3/13,3771.01,3895.31,3937.18,3765.15,18829672200,2.80E+11
2020/3/16,3899.86,3727.84,3899.86,3720.51,18596826000,2.83E+11
2020/3/17,3739.78,3709.68,3786.89,3618.31,16624612900,2.51E+11
2020/3/18,3729.69,3636.26,3775.85,3636.26,15503754700,2.44E+11
2020/3/19,3623.79,3589.09,3647.99,3503.19,18080740700,2.72E+11
2020/3/20,3629.51,3653.22,3663.95,3588.78,13960300000,2.11E+11
2020/3/23,3542.68,3530.31,3585.8,3523.79,13710879000,1.98E+11
2020/3/24,3598.65,3625.11,3627.76,3545.45,14310302100,2.09E+11
2020/3/25,3711.48,3722.52,3732.65,3685.99,15349595800,2.32E+11
2020/3/26,3692.61,3698.05,3736.25,3681.27,11231066500,1.69E+11
2020/3/27,3746.39,3710.06,3758.78,3709.92,12406099500,1.86E+11
2020/3/30,3657.46,3674.11,3690.64,3637.59,12687667300,1.81E+11
2020/3/31,3708.14,3686.16,3716.07,3676.2,11145302500,1.62E+11
2020/4/1,3682.3,3675.08,3731.78,3670.97,11935262000,1.70E+11
2020/4/2,3656.32,3734.53,3734.53,3652.32,11516820900,1.69E+11
2020/4/3,3721.48,3713.22,3738.83,3698.98,9982508300,1.50E+11
2020/4/7,3779.91,3798.02,3803.63,3772.21,14277803000,2.08E+11
2020/4/8,3776.42,3780.34,3793,3767.29,11138951300,1.62E+11
2020/4/9,3798.49,3792.81,3801.72,3785.31,10048503200,1.55E+11
2020/4/10,3794.84,3769.18,3824.74,3758.96,10244495600,1.62E+11
2020/4/13,3751.71,3753.26,3769.88,3740.19,7905334300,1.20E+11
2020/4/14,3777.83,3825.7,3825.76,3764.98,11063758500,1.71E+11
2020/4/15,3820.85,3797.36,3829.8,3793.44,10846198400,1.70E+11
2020/4/16,3777.8,3802.38,3807.36,3774.56,9594796500,1.47E+11
2020/4/17,3831.92,3839.49,3863.45,3821.42,13200430100,2.04E+11
2020/4/20,3845.46,3853.46,3853.8,3831.55,10001311500,1.52E+11
2020/4/21,3838.23,3808.05,3838.23,3780,10292188800,1.55E+11
2020/4/22,3789.13,3839.38,3839.38,3782.21,8589946400,1.36E+11
2020/4/23,3851.91,3829.75,3857.47,3826.56,9550845000,1.42E+11
2020/4/24,3826.31,3796.97,3827.21,3787.07,9484413500,1.39E+11
2020/4/27,3808.02,3822.77,3842.87,3793.77,9546273500,1.45E+11
2020/4/28,3835.35,3849.15,3859.68,3768.2,12209347600,1.84E+11
2020/4/29,3837.51,3867.03,3880.74,3833.72,9585459000,1.51E+11
2020/4/30,3880.41,3912.58,3921.7,3880.41,13291712500,2.02E+11
2020/5/6,3867.26,3936.25,3937.69,3865.99,13985567500,2.15E+11
2020/5/7,3937.59,3924.89,3941.48,3915.9,10551464600,1.67E+11
2020/5/8,3943,3963.62,3979.66,3935.98,11694334100,1.90E+11
2020/5/11,3974.76,3960.18,3998.1,3944.5,12267380300,1.94E+11
2020/5/12,3961.34,3960.24,3970.11,3930.21,9825055400,1.57E+11
2020/5/13,3946.64,3968.25,3972.53,3932.57,8819066900,1.46E+11
2020/5/14,3952.2,3925.22,3952.2,3924.05,8853000400,1.43E+11
2020/5/15,3941.13,3912.82,3945.2,3907.4,9261838200,1.53E+11
2020/5/18,3914.66,3922.91,3946.43,3898.4,11280176200,1.89E+11
2020/5/19,3963.78,3956.25,3966.85,3944.07,9401529100,1.60E+11
2020/5/20,3955.71,3935.22,3955.71,3923.92,10079115000,1.57E+11
2020/5/21,3950.6,3913.79,3951.74,3907.58,9486103300,1.49E+11
2020/5/22,3907.58,3824.06,3907.58,3818.15,10337836000,1.57E+11
2020/5/25,3828.32,3829.32,3835.63,3800.18,7903332600,1.27E+11
2020/5/26,3850,3872.77,3874.75,3844.48,7744807600,1.25E+11
2020/5/27,3873.7,3845.61,3873.7,3838.42,8371183100,1.24E+11
2020/5/28,3848.49,3856.63,3885.42,3818.43,9306405400,1.39E+11
2020/5/29,3838.38,3867.02,3872.3,3830.42,9381383200,1.36E+11
2020/6/1,3901.73,3971.34,3976.32,3901.73,13645665200,2.08E+11
2020/6/2,3969.95,3983.57,3991.78,3958.98,14430306000,1.96E+11
2020/6/3,4001.17,3983.65,4018.68,3982.93,13659748300,2.01E+11
2020/6/4,3998.16,3982.19,3999.81,3968.57,10427773700,1.49E+11
2020/6/5,3988.22,4001.25,4001.25,3967.93,10244394200,1.54E+11
2020/6/8,4023.61,4021.95,4050.22,4016.1,13792581300,1.93E+11
2020/6/9,4027.56,4047.03,4052.16,4016.34,11530447900,1.67E+11
2020/6/10,4046.23,4039.71,4046.23,4024.42,11226572800,1.67E+11
2020/6/11,4031.74,3995.88,4043.01,3979.75,12730894100,1.97E+11
2020/6/12,3931.62,4003.08,4011.06,3927.25,13416664900,1.94E+11
2020/6/15,3982.97,3954.99,4007.14,3954.99,13129786000,2.11E+11
2020/6/16,3995.58,4014.57,4014.57,3987.86,11105153900,1.85E+11
2020/6/17,4018.61,4017.59,4018.61,3992.13,10560579900,1.77E+11
2020/6/18,4009.78,4044.38,4047.56,4000.9,13814876100,2.10E+11
2020/6/19,4047.05,4098.71,4109.36,4043.49,15294699000,2.56E+11
2020/6/22,4097.51,4102.05,4126.94,4088.78,15582946500,2.59E+11
2020/6/23,4098.04,4121.79,4124.73,4080.75,12922951000,2.35E+11
2020/6/24,4128.1,4138.99,4144.68,4123.36,12171246500,2.25E+11
2020/6/29,4127.93,4109.72,4137.37,4092.54,13086585400,2.27E+11
2020/6/30,4130,4163.96,4174.42,4129.78,12593352100,2.28E+11
2020/7/1,4172.64,4247.78,4247.78,4163.5,16999045600,3.06E+11
2020/7/2,4239.41,4335.84,4340.1,4238.12,25293936800,4.00E+11
2020/7/3,4353.19,4419.6,4419.6,4348.45,29048553900,4.42E+11
2020/7/6,4465.81,4670.09,4678.11,4465.81,40582102500,5.97E+11
2020/7/7,4739.61,4698.13,4796.32,4688.06,40600855300,6.35E+11
2020/7/8,4692.86,4774,4803.36,4670.65,34807484700,5.33E+11
2020/7/9,4770.08,4840.77,4854.12,4757.29,35104689300,5.57E+11
2020/7/10,4796.09,4753.13,4821.37,4734.47,31694965100,5.10E+11
2020/7/13,4742.37,4852.96,4878.08,4741.87,32164544600,5.41E+11
2020/7/14,4836.17,4806.69,4860.44,4729.93,29724198500,5.11E+11
2020/7/15,4821.52,4744.47,4837.48,4723.36,27238900600,4.87E+11
2020/7/16,4741.53,4516.25,4772.56,4513.65,28465713300,5.11E+11
2020/7/17,4524.77,4544.7,4601.37,4485.82,20737556300,3.73E+11
2020/7/20,4597.2,4680.3,4681.94,4534.23,24606891400,4.17E+11
2020/7/21,4697.5,4691.04,4714.29,4661.44,20041565900,3.56E+11
2020/7/22,4682.66,4714.45,4790.45,4675.35,22419921100,3.86E+11
2020/7/23,4668.74,4712.44,4731.4,4607.66,23431456900,4.05E+11
2020/7/24,4679.03,4505.59,4691.7,4479.39,24390520300,4.38E+11
2020/7/27,4535.01,4528.45,4558.12,4482.44,17142055100,3.02E+11
2020/7/28,4567.67,4568.26,4590.25,4537.68,16276849800,2.93E+11
2020/7/29,4559.16,4679.01,4680.56,4548.85,18669530500,3.50E+11
2020/7/30,4689.76,4656.15,4704.63,4649.77,16696756600,3.24E+11
2020/7/31,4652.18,4695.05,4741.81,4621.96,18483902600,3.51E+11
2020/8/3,4735.9,4771.31,4771.37,4720.02,21477623900,4.02E+11
2020/8/4,4778.49,4775.8,4807.08,4747.77,23997498500,4.26E+11
2020/8/5,4761.76,4777.11,4786.7,4711.27,19670054800,3.47E+11
2020/8/6,4779.24,4762.76,4791.86,4691.16,22785440600,4.04E+11
2020/8/7,4742.29,4707.93,4749.02,4637.84,21351821600,3.97E+11
2020/8/10,4681.76,4724.87,4757.66,4646.29,20378883200,3.71E+11
2020/8/11,4730.37,4681.78,4791.53,4674.86,20554651100,3.51E+11
2020/8/12,4668.89,4647.64,4681.62,4566.27,20288723900,3.47E+11
2020/8/13,4666.49,4635.71,4671.77,4626.1,15255009200,2.51E+11
2020/8/14,4627.61,4704.63,4708.07,4617.63,14729292100,2.54E+11
2020/8/17,4727.12,4815.23,4838.09,4721.36,26800155600,4.16E+11
2020/8/18,4816.57,4812.76,4825.39,4788.83,18913985400,3.14E+11
2020/8/19,4804.67,4740.68,4809.05,4738.01,19244294800,3.19E+11
2020/8/20,4708.13,4679.15,4721.44,4662.8,15836863900,2.60E+11
2020/8/21,4717.79,4718.84,4739.48,4684.81,14265786400,2.52E+11
2020/8/24,4746.4,4755.85,4769.47,4716.61,15114351200,2.72E+11
2020/8/25,4769.21,4761.95,4802.41,4746.31,14170135100,2.62E+11
2020/8/26,4761.72,4706.13,4786.42,4689.88,15130518000,2.77E+11
2020/8/27,4718.06,4731.35,4731.94,4679.36,11904285000,2.24E+11
2020/8/28,4727.29,4844.27,4850.49,4719.35,15939976500,3.05E+11
2020/8/31,4870.93,4816.22,4901.21,4816.21,20256702900,3.57E+11
2020/9/1,4803.39,4842.12,4842.14,4791.78,13839540200,2.62E+11
2020/9/2,4859.08,4843.89,4863.55,4797.52,15798952400,2.81E+11
2020/9/3,4841.5,4817.1,4877.01,4800.06,14567120100,2.79E+11
2020/9/4,4737.24,4770.22,4778.2,4726.56,12003279600,2.38E+11
2020/9/7,4759.52,4669.37,4789.3,4655.56,14860779100,2.82E+11
2020/9/8,4683.83,4694.39,4707.9,4639.05,13919922700,2.49E+11
2020/9/9,4634.25,4584.59,4645.2,4558.03,16227710700,2.45E+11
2020/9/10,4632.1,4581.98,4647.75,4572.21,15065287800,2.26E+11
2020/9/11,4572.26,4627.28,4630.88,4563.11,11530242400,1.98E+11
2020/9/14,4652.05,4651.05,4666.99,4625.99,10723517900,2.12E+11
2020/9/15,4649.45,4688.48,4691.5,4630.54,10191592500,1.95E+11
2020/9/16,4683.01,4657.36,4690.68,4638.46,10875364100,1.96E+11
2020/9/17,4642.05,4632.71,4664.95,4601.64,10598363100,2.14E+11
2020/9/18,4636.64,4737.09,4737.8,4631.7,16042647500,2.82E+11
2020/9/21,4750.75,4691.43,4752.98,4688.72,12453582700,2.24E+11
2020/9/22,4654.22,4635.76,4706.21,4622.11,11967294700,2.03E+11
2020/9/23,4639.66,4652.33,4665.96,4623.55,9582652800,1.90E+11
2020/9/24,4623.95,4563.07,4631.95,4562.21,11259368300,1.94E+11
2020/9/25,4582.48,4570.02,4599.54,4554.72,9301515500,1.67E+11
2020/9/28,4582.65,4581.91,4613.63,4571.15,8504838900,1.59E+11
2020/9/29,4608.29,4591.8,4616.68,4586.35,8599385800,1.60E+11
2020/9/30,4607.58,4587.4,4634.72,4563.41,8908120000,1.66E+11
2020/10/9,4663.61,4681.14,4695.4,4655.09,11133751200,2.30E+11
2020/10/12,4705.19,4823.16,4823.27,4704.16,15578455800,3.08E+11
2020/10/13,4812.9,4839.2,4845.92,4795.37,11651633800,2.42E+11
2020/10/14,4830.46,4807.1,4830.46,4795.91,11190692300,2.30E+11
2020/10/15,4810.78,4798.74,4833.89,4796.26,10996496200,2.14E+11
2020/10/16,4798.92,4791.68,4825.55,4765.97,11671610200,2.04E+11
2020/10/19,4823.49,4755.49,4849.6,4747.34,12924636100,2.25E+11
2020/10/20,4751.37,4793.47,4793.47,4739.46,9804815600,1.86E+11
2020/10/21,4801.63,4792.83,4801.63,4758.86,10380570300,1.90E+11
2020/10/22,4780.6,4777.98,4791.81,4725.5,10135089100,1.95E+11
2020/10/23,4775.47,4718.49,4802.46,4717.1,10682518400,2.01E+11
2020/10/26,4684.05,4691.24,4713.39,4639.3,10834327500,2.06E+11
2020/10/27,4680.14,4699.28,4708.46,4671.85,9265630400,1.87E+11
2020/10/28,4703,4737.27,4753.31,4685.6,10846340200,2.27E+11
2020/10/29,4683.61,4772.92,4803.03,4679.25,11711725000,2.52E+11
2020/10/30,4776.47,4695.33,4778.51,4683.47,13980230300,2.81E+11
2020/11/2,4702.75,4720.83,4738.02,4695.44,14286769300,2.79E+11
2020/11/3,4743.17,4777.56,4793.4,4734.17,13605540800,2.52E+11
2020/11/4,4781.45,4813.66,4825.46,4770.56,11466180600,2.31E+11
2020/11/5,4861.34,4885.11,4885.11,4838,13924459400,2.82E+11
2020/11/6,4897.63,4885.72,4897.63,4845.43,15363903400,3.05E+11
2020/11/9,4918.86,4981.35,4997.8,4918.86,19713198400,3.72E+11
2020/11/10,4995.41,4953.88,4995.41,4928.93,17626721400,3.34E+11
2020/11/11,4937.76,4904.9,4957.58,4901.71,16447051500,3.04E+11
2020/11/12,4916.77,4908.46,4926.34,4891.51,11811461900,2.28E+11
2020/11/13,4886.98,4856.85,4886.98,4825.76,13369307900,2.55E+11
2020/11/16,4880.96,4904.17,4904.17,4848.62,14877098000,2.67E+11
2020/11/17,4903.12,4894.79,4909.29,4865.39,15148746400,2.89E+11
2020/11/18,4889.67,4891.67,4911.09,4870.72,16421661600,2.91E+11
2020/11/19,4880.92,4927.99,4939.79,4870.2,13368137800,2.48E+11
2020/11/20,4928.22,4943.29,4947.43,4922.59,12940034100,2.29E+11
2020/11/23,4954.6,5005.03,5029.65,4940.45,20591518700,3.34E+11
2020/11/24,4997.05,4974.29,5001.06,4960.98,15663791100,2.65E+11
2020/11/25,4992.75,4910.7,5004.77,4910.7,17034052700,2.77E+11
2020/11/26,4908.32,4919.59,4925.29,4867.82,13720233800,2.40E+11
2020/11/27,4930.59,4980.77,4980.77,4917.35,16295292200,2.53E+11
2020/11/30,4994.11,4960.25,5055.19,4960.25,26263895000,3.96E+11
2020/12/1,4963.13,5067.1,5072.55,4963.13,20406563800,3.28E+11
2020/12/2,5072.98,5067.14,5090.61,5043.31,19543547600,3.11E+11
2020/12/3,5065.45,5057.06,5072.3,5033.79,17786574800,2.75E+11
2020/12/4,5049.52,5065.92,5072.39,5017.85,14434716700,2.58E+11
2020/12/7,5065.73,5022.24,5067.87,5014.61,13989621700,2.65E+11
2020/12/8,5029.11,5009.88,5043.06,4998.92,12307302900,2.35E+11
2020/12/9,5022.38,4942.7,5033.64,4942.52,13891696500,2.61E+11
2020/12/10,4931.29,4940.52,4962.74,4919.77,12591427000,2.30E+11
2020/12/11,4957.82,4889.63,4957.82,4849.35,15935769700,2.75E+11
2020/12/14,4903.63,4934.84,4937.26,4887.66,12080155200,2.48E+11
2020/12/15,4931.6,4945.1,4954.19,4904.79,11834263300,2.48E+11
2020/12/16,4957.3,4953.87,4968.86,4938.19,10677896800,2.30E+11
2020/12/17,4960.73,5017.48,5021.62,4950.37,13338547900,2.70E+11
2020/12/18,5014.32,4999.97,5027.44,4979.01,12804961800,2.59E+11
2020/12/21,4995.76,5046.84,5048.51,4970,14081178200,2.98E+11
2020/12/22,5034.98,4964.77,5055.13,4960.95,16234497000,3.27E+11
2020/12/23,4977.3,5007.12,5028.45,4968.15,14029281900,3.09E+11
2020/12/24,5006.01,5000.02,5033.04,4979.24,11441866700,2.47E+11
2020/12/25,4985.77,5042.01,5042.1,4973.68,12100697900,2.44E+11
2020/12/28,5042.94,5064.41,5089.34,5037.86,13691440700,2.81E+11
2020/12/29,5071.45,5042.94,5077.42,5034.31,14119866200,2.79E+11
2020/12/30,5037.98,5113.71,5113.71,5036.63,14862644800,2.97E+11
2020/12/31,5122.48,5211.29,5215.62,5122.48,17160250900,3.59E+11
2021/1/4,5212.93,5267.72,5284.43,5190.94,21171138200,4.53E+11
2021/1/5,5245.84,5368.5,5368.5,5234.38,22493115900,4.98E+11
2021/1/6,5386.51,5417.67,5433.47,5341.43,19377344400,4.44E+11
2021/1/7,5428.39,5513.66,5513.66,5413.35,21987208000,4.73E+11
2021/1/8,5526.29,5495.43,5547.47,5442.69,20432495600,4.74E+11
2021/1/11,5504.24,5441.16,5555.69,5412.5,23183598300,5.22E+11
2021/1/12,5419.5,5596.35,5596.35,5417.63,22422018600,4.86E+11
2021/1/13,5609.26,5577.97,5644.72,5535.14,26156988600,5.47E+11
2021/1/14,5556.21,5470.46,5568.02,5458.68,24368338000,5.02E+11
2021/1/15,5471.39,5458.08,5500.63,5390.27,23863743500,4.76E+11
2021/1/18,5438.16,5518.52,5541.46,5410.78,20705186900,4.23E+11
2021/1/19,5525.97,5437.52,5532.48,5415.72,21104342500,4.33E+11
2021/1/20,5439.91,5476.43,5496.05,5426.54,17091326000,3.74E+11
2021/1/21,5492.96,5564.97,5593.11,5490.56,20995019700,4.53E+11
2021/1/22,5562.38,5569.78,5573.66,5513.88,19930002000,4.57E+11
2021/1/25,5564.12,5625.92,5655.48,5543.27,19704701900,5.08E+11
2021/1/26,5600.9,5512.97,5600.9,5506,17190459000,4.15E+11
2021/1/27,5505.77,5528,5534.99,5449.64,16019084100,3.77E+11
2021/1/28,5450.37,5377.14,5462.24,5360.38,17048558500,3.76E+11
2021/1/29,5413.97,5351.96,5430.2,5288.1,18217878400,3.90E+11
2021/2/1,5356.85,5417.65,5422.3,5342.05,16631370600,3.47E+11
2021/2/2,5429.7,5501.09,5503.21,5411.52,16521056500,3.80E+11
2021/2/3,5499.3,5485.2,5532.89,5473.12,18805431700,4.04E+11
2021/2/4,5453.98,5473.95,5510.05,5411.57,18057565400,3.98E+11
2021/2/5,5494.7,5483.41,5550.77,5477.65,18969959800,3.95E+11
2021/2/8,5506.14,5564.56,5576.49,5479.85,16403377500,3.68E+11
2021/2/9,5584.17,5686.25,5686.25,5555.05,16488726000,3.79E+11
2021/2/10,5709.68,5807.72,5823.42,5707.33,17016978600,4.17E+11
2021/2/18,5922.07,5768.38,5930.91,5747.66,21884868600,5.07E+11
2021/2/19,5734.02,5778.84,5787.89,5667.32,21447578000,4.56E+11
2021/2/22,5785.51,5597.33,5785.51,5597.33,28212438200,5.44E+11
2021/2/23,5542.68,5579.67,5644.76,5541.11,23380772700,4.25E+11
2021/2/24,5591.48,5437.57,5598.83,5379.73,22542861000,4.72E+11
2021/2/25,5494.47,5469.56,5527.63,5444.16,23073602800,4.12E+11
2021/2/26,5343.9,5336.76,5416.32,5318.86,21226454300,4.06E+11
2021/3/1,5389.25,5418.78,5421.56,5345.94,17746352300,3.58E+11
2021/3/2,5453.28,5349.63,5454.97,5305.05,19651111500,3.76E+11
2021/3/3,5327.35,5452.21,5452.4,5316.48,19470905400,3.38E+11
2021/3/4,5388.48,5280.71,5392.37,5254.78,21277521100,3.84E+11
2021/3/5,5191.97,5262.8,5307.82,5174.25,20262795600,3.53E+11
2021/3/8,5299.79,5080.02,5326.26,5079.8,23023163500,4.07E+11
2021/3/9,5066.15,4971,5094.31,4917.91,23071100400,4.14E+11
2021/3/10,5047.06,5003.61,5055.28,4981.62,16992849000,3.10E+11
2021/3/11,5024.56,5128.22,5138.41,5020.58,18960076600,3.34E+11
2021/3/12,5153.67,5146.38,5153.67,5086.82,20102058900,3.23E+11
2021/3/15,5116.12,5035.54,5120.88,4992.4,20415308400,3.31E+11
2021/3/16,5054.41,5079.36,5084.31,5009.95,16139005400,2.72E+11
2021/3/17,5062.77,5100.86,5123.55,5020.13,14916237600,2.63E+11
2021/3/18,5114.59,5141.77,5160.46,5111.13,14290151800,2.61E+11
2021/3/19,5068.53,5007.09,5089.92,4980.76,16417484900,2.83E+11
2021/3/22,5008.4,5057.15,5071.34,4996.54,16740263200,2.64E+11
2021/3/23,5057.06,5009.25,5064.02,4966.53,15801396700,2.56E+11
2021/3/24,4985.4,4928.69,5024.33,4919.89,15938598200,2.66E+11
2021/3/25,4904.07,4926.35,4950.76,4883.66,13294518900,2.20E+11
2021/3/26,4953.95,5037.99,5050.83,4953.95,14592669700,2.74E+11
2021/3/29,5052.26,5046.88,5086.65,5010.39,14338821500,2.66E+11
2021/3/30,5043.1,5094.73,5106.04,5032.8,13861856000,2.55E+11
2021/3/31,5085.95,5048.36,5085.95,5015.61,14133574300,2.41E+11
2021/4/1,5059.94,5110.78,5115.43,5056.87,12032489000,2.11E+11
2021/4/2,5129.85,5161.56,5169.83,5116.35,12700225400,2.48E+11
2021/4/6,5178.64,5140.34,5181.15,5125.33,10983421000,2.14E+11
2021/4/7,5141.66,5103.74,5141.66,5065.19,14576374800,2.46E+11
2021/4/8,5078.26,5112.21,5129.13,5062.07,14177104700,2.28E+11
2021/4/9,5100.04,5035.34,5100.04,5022.09,12841650900,2.22E+11
2021/4/12,5026.98,4947.75,5045.6,4933.01,15264431400,2.67E+11
2021/4/13,4949.81,4939.64,4994.54,4924.2,13291935800,2.26E+11
2021/4/14,4945.69,4980.63,4987.12,4940.27,12086083800,2.21E+11
2021/4/15,4969.91,4948.97,4969.91,4900.3,10882938400,2.14E+11
2021/4/16,4966.9,4966.18,4979.17,4917.96,11123992400,2.13E+11
2021/4/19,4966.41,5087.02,5088.21,4940.75,15476982400,3.08E+11
2021/4/20,5065.78,5083.37,5119.86,5058.92,13654170000,2.77E+11
2021/4/21,5055.24,5098.74,5110.56,5047.99,12463727700,2.43E+11
2021/4/22,5114.28,5089.24,5119.22,5067.14,12116764500,2.41E+11
2021/4/23,5088.83,5135.45,5149.98,5086.49,12205699100,2.64E+11
2021/4/26,5156.59,5077.24,5181.11,5072.96,15138196700,3.26E+11
2021/4/27,5076.64,5090.52,5095.98,5042.61,12396183700,2.55E+11
2021/4/28,5073.97,5119.24,5119.45,5059.26,12062031800,2.72E+11
2021/4/29,5128.28,5164.17,5170.59,5113.65,14009248000,2.94E+11
2021/4/30,5156.36,5123.49,5163.25,5094.93,16012162100,3.15E+11
2021/5/6,5098.8,5061.12,5132.9,5037.41,15882263000,3.23E+11
2021/5/7,5073.46,4996.05,5093.75,4996.04,17225832100,3.05E+11
2021/5/10,5001.44,4992.42,5019.39,4953.7,17082058500,2.83E+11
2021/5/11,4956.08,5023.06,5033.49,4925.92,15152649700,2.71E+11
2021/5/12,5003.82,5044.55,5051.17,4995.4,12661908600,2.28E+11
2021/5/13,4992.35,4992.97,5022.08,4975.45,13227940600,2.38E+11
2021/5/14,5007.63,5110.59,5112.98,4981.29,15942618000,3.19E+11
2021/5/17,5115.31,5184.99,5206.69,5115.31,15388963400,3.35E+11
2021/5/18,5190.93,5187.6,5201.67,5156.79,11840426100,2.38E+11
2021/5/19,5173.17,5172.27,5193.56,5151.64,11872998300,2.51E+11
2021/5/20,5167.05,5186.41,5201.59,5152.04,13845477500,2.77E+11
2021/5/21,5199.13,5134.15,5216.16,5123.12,12476848500,2.68E+11
2021/5/24,5138.81,5155.59,5155.59,5092.39,12674233600,2.79E+11
2021/5/25,5165.04,5318.48,5324.36,5161.52,18299683900,4.05E+11
2021/5/26,5326.12,5320.59,5344.28,5308.74,16960709600,3.46E+11
2021/5/27,5311.37,5338.23,5378.48,5286.05,14846285500,3.12E+11
2021/5/28,5338.73,5321.09,5360.28,5288.65,16460580600,3.31E+11
2021/5/31,5318.08,5331.57,5331.63,5281.69,14460326900,3.21E+11
2021/6/1,5320.47,5341.68,5343.75,5269.26,14383147400,3.22E+11
2021/6/2,5348.34,5289.97,5352.64,5266.79,13775431900,2.96E+11
2021/6/3,5285.71,5255.29,5314.37,5255.07,14196887800,2.85E+11
2021/6/4,5228.28,5282.28,5334.49,5221.23,14473208700,2.92E+11
2021/6/7,5284.89,5277.63,5286.84,5242.95,12770497100,2.80E+11
2021/6/8,5276.97,5232.12,5319.04,5201.14,13055953200,3.04E+11
2021/6/9,5224.95,5236.45,5253.36,5215.35,12182032100,2.55E+11
2021/6/10,5236.47,5271.47,5299.53,5229.52,13899196700,3.01E+11
2021/6/11,5275.75,5224.7,5276.1,5213.6,18080717300,3.65E+11
2021/6/15,5218.56,5166.56,5225.5,5137.41,14288005800,3.31E+11
2021/6/16,5163.25,5080.49,5164.52,5076.02,12514798500,2.98E+11
2021/6/17,5074.38,5101.89,5123.37,5073.82,12045251800,2.82E+11
2021/6/18,5104.93,5102.47,5128.03,5064.92,14858580500,3.57E+11
2021/6/21,5088.09,5090.39,5123.78,5058.57,13218451600,3.32E+11
2021/6/22,5106.07,5122.16,5125.82,5086.28,13041675300,3.14E+11
2021/6/23,5127.19,5147.39,5171.03,5109.76,13635605800,3.59E+11
2021/6/24,5156.56,5155.97,5160.43,5120.58,12668562500,3.13E+11
2021/6/25,5159.8,5239.97,5251.61,5157.48,15493106100,3.68E+11
2021/6/28,5253.61,5251.76,5260.64,5226.22,13319378300,3.37E+11
2021/6/29,5248.52,5190.54,5248.52,5182.68,12516299700,3.15E+11
2021/6/30,5189.38,5224.04,5231.43,5186.63,10375267100,2.81E+11
2021/7/1,5241.2,5229.66,5252.26,5190.88,12724062000,3.24E+11
2021/7/2,5186.66,5081.12,5186.66,5074.36,13042642400,3.43E+11
2021/7/5,5073.78,5085.79,5098.23,5048,13121158900,3.35E+11
2021/7/6,5089.78,5083.1,5092.21,5028.51,14065522000,3.63E+11
2021/7/7,5052.42,5140.49,5152.77,5045.41,14854906000,3.37E+11
2021/7/8,5149.31,5088.26,5151.22,5078.93,17390100800,3.98E+11
2021/7/9,5063.15,5069.44,5081.41,5006.41,16065322600,3.53E+11
2021/7/12,5108.38,5132.71,5159.41,5070.32,20621203900,4.37E+11
2021/7/13,5128.61,5142.1,5154.05,5114.94,16648220900,3.61E+11
2021/7/14,5130.75,5083.08,5130.75,5075.13,18835272000,3.73E+11
2021/7/15,5073.26,5151.46,5153.81,5067.68,18107710300,3.72E+11
2021/7/16,5140.9,5094.77,5140.9,5090.63,16995598200,3.63E+11
2021/7/19,5083.73,5113.49,5120.82,5047.62,15319958900,3.40E+11
2021/7/20,5080.22,5108.99,5114,5067.86,12930004400,2.84E+11
2021/7/21,5122.78,5144.04,5160.54,5122.3,16797646900,3.90E+11
2021/7/22,5150.39,5151.75,5171.21,5137.88,18555686400,4.18E+11
2021/7/23,5145.43,5089.23,5145.43,5080,21653684700,4.36E+11
2021/7/26,5067.31,4925.3,5067.31,4859.6,22811171000,4.95E+11
2021/7/27,4924.28,4751.31,4940.86,4749.03,23663122500,5.21E+11
2021/7/28,4714.29,4760.48,4785.66,4663.9,19263439300,4.20E+11
2021/7/29,4845.76,4850.27,4857.97,4800.01,17332205400,4.16E+11
2021/7/30,4825.7,4811.17,4825.7,4761.04,18234977600,4.21E+11
2021/8/2,4794.82,4933.74,4938.82,4761.46,22719491800,5.25E+11
2021/8/3,4909.23,4934.46,4957.03,4890.85,20353336000,4.71E+11
2021/8/4,4927.74,4978.85,4979.29,4919.66,17546646100,4.26E+11
2021/8/5,4946.17,4948.67,4997.14,4921.94,16738182900,3.99E+11
2021/8/6,4943.04,4921.56,4944.35,4891.8,15417968800,3.72E+11
2021/8/9,4890.26,4985.56,5002.89,4884.04,18243687100,4.09E+11
2021/8/10,4977.82,5043.15,5043.76,4941.24,16705190200,4.10E+11
2021/8/11,5037.08,5015.34,5059.79,5009.98,18226607400,3.73E+11
2021/8/12,4998.07,4973.35,5016.26,4962.98,16822373300,3.62E+11
2021/8/13,4958.76,4945.98,4993.74,4921.28,15831432100,3.52E+11
2021/8/16,4935.92,4941.07,4973.38,4931.37,16195337300,3.41E+11
2021/8/17,4935,4837.4,4967.56,4823.39,18757347200,3.88E+11
2021/8/18,4838.47,4894.24,4909.54,4818.9,19747437800,3.96E+11
2021/8/19,4886.56,4862.14,4893.47,4839.57,20171171900,3.97E+11
2021/8/20,4817.49,4769.27,4835.15,4720.83,17763581000,4.05E+11
2021/8/23,4777.73,4835.88,4843.82,4764.01,16757909300,3.90E+11
2021/8/24,4844.59,4888.39,4906.2,4842.75,19788316300,4.17E+11
2021/8/25,4890.52,4898.16,4899.77,4865.76,18944801600,3.72E+11
2021/8/26,4892.2,4801.61,4892.2,4798.7,19761738700,3.69E+11
2021/8/27,4794.97,4827.04,4863.47,4793.59,18331021100,3.68E+11
2021/8/30,4847.03,4813.27,4849.16,4787.2,21963575700,4.77E+11
2021/8/31,4803.09,4805.61,4821.76,4740.75,23511865800,4.61E+11
2021/9/1,4804.69,4869.46,4906.4,4763.3,32672108000,5.69E+11
2021/9/2,4865.82,4869.41,4892.7,4845.62,26785801300,4.66E+11
2021/9/3,4875.07,4843.06,4886.55,4828.7,26809189600,4.66E+11
2021/9/6,4841.06,4933.73,4944.45,4837.79,24050724500,4.53E+11
2021/9/7,4932.98,4992.83,5005.96,4915.61,24417851900,4.18E+11
2021/9/8,4986.8,4972.13,5013.98,4955.89,26461531500,4.29E+11
2021/9/9,4952.49,4970.01,4970.15,4929.95,25653021700,4.02E+11
2021/9/10,4967.98,5013.52,5042.8,4962.37,28830435200,4.73E+11
2021/9/13,5006.77,4991.66,5029.72,4964.96,24991529800,4.33E+11
2021/9/14,4989.83,4917.16,5000.98,4907.32,24559040200,4.17E+11
2021/9/15,4903.85,4867.32,4903.85,4843.12,18798473000,3.63E+11
2021/9/16,4866.79,4807.7,4879.53,4806.14,21675209900,3.94E+11
2021/9/17,4797.11,4855.94,4857.96,4786.09,20195812700,3.60E+11
2021/9/22,4770.73,4821.77,4830.85,4765.23,19122037600,3.12E+11
2021/9/23,4848.22,4853.2,4877.34,4837.56,22815106400,3.62E+11
2021/9/24,4845.64,4849.43,4897.06,4838.54,20769329000,3.62E+11
2021/9/27,4870.85,4877.37,4922.56,4852.2,21596703000,4.26E+11
2021/9/28,4869.08,4883.83,4901.31,4846.63,17689088000,3.21E+11
2021/9/29,4846.02,4833.93,4868.07,4799.88,18817136600,3.32E+11
2021/9/30,4843.95,4866.38,4876.07,4843.95,14611389600,2.83E+11
2021/10/8,4915.73,4929.94,4937.09,4891.62,16896807700,3.44E+11
2021/10/11,4941.29,4936.19,4983.73,4930.71,16351162400,3.15E+11
2021/10/12,4920.66,4883.84,4925.49,4840.77,16807933700,2.99E+11
2021/10/13,4880.14,4940.11,4953.37,4869.83,13114281300,2.80E+11
2021/10/14,4934.26,4913.61,4953.92,4903.25,11955701300,2.49E+11
2021/10/15,4896.56,4932.11,4939.82,4881.01,14282200100,3.01E+11
2021/10/18,4922.51,4874.78,4922.51,4844.94,14124519900,3.03E+11
2021/10/19,4869.39,4922.72,4928.14,4868.81,13526649300,2.83E+11
2021/10/20,4926.77,4910.18,4944.02,4898.37,14153318300,2.80E+11
2021/10/21,4914.74,4928.02,4946.18,4893.85,14889815400,2.75E+11
2021/10/22,4934.87,4959.73,4989.89,4934.87,14392622800,2.89E+11
2021/10/25,4940.9,4979.52,4981.65,4930.11,14186149000,2.99E+11
2021/10/26,4983.24,4963.1,5002.57,4953.48,14088894300,3.02E+11
2021/10/27,4949.23,4898.16,4949.23,4884.94,14711159300,2.99E+11
2021/10/28,4882.59,4864.14,4898.66,4846.28,15664947200,3.17E+11
2021/10/29,4861.27,4908.77,4908.77,4855.76,15988735300,3.69E+11
2021/11/1,4878.13,4890.69,4908.21,4858.25,17158397400,3.80E+11
2021/11/2,4886.18,4839.85,4911.23,4797.9,18543768800,3.86E+11
2021/11/3,4835.81,4821.11,4858.71,4804.37,14276382000,3.02E+11
2021/11/4,4841.09,4868.74,4873.94,4834.74,13259297000,3.09E+11
2021/11/5,4858.9,4842.35,4889.68,4841.74,14778935900,3.12E+11
2021/11/8,4841.15,4848.18,4866.08,4827.69,13739826400,2.96E+11
2021/11/9,4858.25,4846.74,4870.79,4818.54,11837552600,2.62E+11
2021/11/10,4832.8,4821.19,4832.8,4754,13511817900,3.01E+11
2021/11/11,4814.77,4898.65,4898.65,4809.11,16048486300,3.24E+11
2021/11/12,4902.93,4888.37,4909.08,4875.35,13266296900,2.72E+11
2021/11/15,4894.41,4882.38,4906.33,4863.4,12182314900,2.73E+11
2021/11/16,4880.9,4883.32,4915.37,4876.5,12725440600,2.84E+11
2021/11/17,4883.25,4885.75,4891.52,4864.52,10845922300,2.46E+11
2021/11/18,4871.42,4837.62,4871.42,4830.41,11448056500,2.44E+11
2021/11/19,4832.06,4890.06,4892.81,4829.57,12719831200,2.66E+11
2021/11/22,4895.39,4912.4,4919,4893.27,13809283600,3.16E+11
2021/11/23,4905.76,4913.35,4927.52,4896.88,15430441100,3.01E+11
2021/11/24,4914.03,4916.66,4935.49,4899.61,13715067300,2.90E+11
2021/11/25,4917.61,4896.44,4921.33,4891.73,11598403100,2.55E+11
2021/11/26,4886.95,4860.13,4886.95,4850.81,12036897400,2.43E+11
2021/11/29,4820.01,4851.42,4858.53,4818.71,13362686200,2.86E+11
2021/11/30,4857.18,4832.03,4871.25,4810.22,12963059600,2.79E+11
2021/12/1,4831.89,4843.85,4844.52,4823.93,12308678900,2.56E+11
2021/12/2,4839.91,4856.16,4866.85,4830.32,14808852100,2.78E+11
2021/12/3,4856.98,4901.02,4901.02,4853.35,14405962600,3.00E+11
2021/12/6,4909.43,4892.62,4943.9,4888.69,17361568300,3.33E+11
2021/12/7,4930.83,4922.1,4934.1,4895.22,17905346000,3.41E+11
2021/12/8,4934.41,4995.93,4995.93,4915.79,15749055900,3.29E+11
2021/12/9,5000.69,5078.69,5114.5,4999.41,22056877600,4.26E+11
2021/12/10,5046.27,5055.12,5060.06,5035.81,19369515400,3.57E+11
2021/12/13,5090.02,5083.8,5143.84,5079.73,21180159600,4.26E+11
2021/12/14,5066.35,5049.7,5075.21,5038.86,15910779000,3.19E+11
2021/12/15,5036.28,5005.9,5060.37,5003.78,15052975200,2.91E+11
2021/12/16,5006.61,5034.73,5034.73,4987.22,14405386700,2.91E+11
2021/12/17,5021.34,4954.76,5022.11,4954.76,14900539900,2.98E+11
2021/12/20,4934.97,4880.42,4971.67,4872.68,16967569000,3.18E+11
2021/12/21,4876.51,4913.49,4917.8,4872.95,14333989800,2.59E+11
2021/12/22,4924.58,4914.45,4936.67,4903.17,13325674000,2.45E+11
2021/12/23,4924.29,4948.74,4948.74,4906.75,13955540600,2.63E+11
2021/12/24,4953.06,4921.34,4964.91,4905.98,14267332300,2.90E+11
2021/12/27,4918.15,4919.32,4939.69,4894.16,12410095200,2.54E+11
2021/12/28,4923.69,4955.96,4959.14,4913.6,13045775700,2.76E+11
2021/12/29,4958.65,4883.48,4958.65,4883.48,11358700200,2.73E+11
2021/12/30,4882.16,4921.51,4940.18,4878.65,12161717800,2.68E+11
2021/12/31,4937.46,4940.37,4950.36,4923.14,12131373700,2.67E+11
2022/1/4,4957.98,4917.77,4961.45,4874.53,15153477600,3.37E+11
2022/1/5,4907.93,4868.12,4916.28,4851.98,17881610000,3.64E+11
2022/1/6,4842.16,4818.23,4857.56,4786.43,15766582600,3.22E+11
2022/1/7,4824.32,4822.37,4856.65,4818.19,18713941300,3.32E+11
2022/1/10,4812.23,4844.05,4844.39,4780.82,15621169600,3.05E+11
2022/1/11,4840.01,4797.77,4850.88,4791.89,14692800400,2.86E+11
2022/1/12,4818.89,4845.58,4852.73,4810.92,14320020400,2.93E+11
2022/1/13,4853.03,4765.92,4853.06,4765.24,14251965300,2.89E+11
2022/1/14,4743.91,4726.73,4764.05,4723.94,14686312600,2.82E+11
2022/1/17,4728.76,4767.28,4775.24,4726.71,11529569100,2.64E+11
2022/1/18,4766.78,4813.35,4826.3,4747.92,15087080200,2.83E+11
2022/1/19,4815.81,4780.38,4828.75,4755.93,13392736000,2.76E+11
2022/1/20,4778.26,4823.51,4845,4777.57,16497131500,3.04E+11
2022/1/21,4808.77,4779.31,4818.31,4762.56,13895258500,2.75E+11
2022/1/24,4753.94,4786.74,4801.1,4746.45,11446388000,2.46E+11
2022/1/25,4761.95,4678.45,4781.39,4678.25,13366758600,2.51E+11
2022/1/26,4697.1,4712.31,4718.99,4648.13,10707084200,2.27E+11
2022/1/27,4708.1,4619.88,4708.44,4616.03,12126380400,2.51E+11
2022/1/28,4641.81,4563.77,4660.52,4559.83,12648011200,2.64E+11
2022/2/7,4638.58,4634.09,4672.65,4615.01,14484972000,2.66E+11
2022/2/8,4626.44,4608.77,4626.44,4522.47,15583070800,2.81E+11
2022/2/9,4608.15,4652.06,4659.46,4595.28,14833554700,2.74E+11
2022/2/10,4657.21,4639.86,4657.21,4608.09,15157666600,2.87E+11
2022/2/11,4617.87,4601.4,4662.6,4595.88,15597458400,3.08E+11
2022/2/14,4579.42,4551.69,4593.63,4530.06,14367389400,2.76E+11
2022/2/15,4553.81,4600.1,4601.45,4550.54,11502560000,2.50E+11
2022/2/16,4619.85,4617.99,4643.1,4607.22,10725895500,2.10E+11
2022/2/17,4616.9,4629.16,4650.16,4606.95,11001464300,2.28E+11
2022/2/18,4604.57,4651.24,4651.34,4598.1,10455022800,1.96E+11
2022/2/21,4646.05,4634.31,4646.67,4613.3,11251651200,2.15E+11
2022/2/22,4601.92,4574.15,4602.07,4550.8,12331723700,2.47E+11
2022/2/23,4582.01,4623.05,4625.3,4579.29,12295291600,2.59E+11
2022/2/24,4592.07,4529.32,4610.88,4488.48,18440305800,3.42E+11
2022/2/25,4564.63,4573.42,4611.86,4561.9,14972258300,2.72E+11
2022/2/28,4563.74,4581.65,4581.65,4530.68,13540697800,2.48E+11
2022/3/1,4597.85,4619.69,4623.43,4583.92,12313922000,2.60E+11
2022/3/2,4594.02,4578.6,4594.02,4558.44,11329832500,2.15E+11
2022/3/3,4595.02,4551.63,4599.4,4544.43,13828587700,2.43E+11
2022/3/4,4513.36,4496.43,4539.39,4481.49,12726680600,2.50E+11
2022/3/7,4462.52,4352.78,4462.52,4338.3,16219770600,3.07E+11
2022/3/8,4361.64,4265.39,4383.65,4252.54,16786327700,3.15E+11
2022/3/9,4280.98,4226.35,4304.48,4068.19,19423290000,3.41E+11
2022/3/10,4326.2,4292.84,4335.67,4288.51,14526638300,3.02E+11
2022/3/11,4231.2,4306.52,4316.04,4176.45,15239992100,2.95E+11
2022/3/14,4248.15,4174.76,4280.36,4174.76,13018723600,2.61E+11
2022/3/15,4125.49,3983.81,4163.42,3983.81,20252469900,3.47E+11
2022/3/16,4053.1,4156.08,4168.59,3942.86,19602198200,3.79E+11
2022/3/17,4237.67,4237.7,4302.74,4217.8,17940734400,3.85E+11
2022/3/18,4218.47,4265.9,4283.37,4194.94,14945830500,2.76E+11
2022/3/21,4280.14,4258.75,4287.82,4223.02,12703636000,2.51E+11
2022/3/22,4252.57,4255.3,4283.33,4236.69,12638247000,2.26E+11
2022/3/23,4269.61,4276.52,4287.58,4241.96,11708907800,2.26E+11
2022/3/24,4249.53,4251.31,4273.96,4216.85,10891827200,2.20E+11
2022/3/25,4249.07,4174.57,4254.84,4173.93,10880804600,2.17E+11
2022/3/28,4128.84,4148.47,4174.12,4091.3,11844902100,2.13E+11
2022/3/29,4155.42,4134.14,4177.21,4124.72,10026697200,1.99E+11
2022/3/30,4162.17,4254.1,4254.1,4160.74,13834602400,2.69E+11
2022/3/31,4234.72,4222.6,4247.36,4214.54,13402918500,2.39E+11
2022/4/1,4198.82,4276.16,4290.67,4190.08,13380305300,2.45E+11
2022/4/6,4258.83,4263.84,4277.52,4236.73,15906219500,2.54E+11
2022/4/7,4240.02,4209.1,4278.11,4205.74,13488035300,2.17E+11
2022/4/8,4213.21,4230.77,4237.81,4175.53,14284379300,2.29E+11
2022/4/11,4203.79,4100.07,4203.79,4089.09,14819707100,2.65E+11
2022/4/12,4102.97,4179.97,4179.97,4075.8,14428568400,2.53E+11
2022/4/13,4154.41,4139.74,4194.04,4139.74,12509748900,2.21E+11
2022/4/14,4172.64,4191.57,4217.06,4155.55,12479131600,2.46E+11
2022/4/15,4162.37,4188.75,4211.32,4152.97,12476226300,2.26E+11
2022/4/18,4152.93,4166.38,4171.74,4119.99,11750461000,2.13E+11
2022/4/19,4161.93,4134.9,4186.94,4115.42,11021747100,2.09E+11
2022/4/20,4130.54,4070.79,4136.17,4060.5,11733165800,2.17E+11
2022/4/21,4048.73,3995.83,4086.44,3978.37,13278382800,2.27E+11
2022/4/22,3967.2,4013.25,4037.08,3953.72,12210181100,2.06E+11
2022/4/25,3933.45,3814.91,3958.21,3814.91,16836450200,2.73E+11
2022/4/26,3822.49,3784.12,3871.85,3773.9,15757761100,2.60E+11
2022/4/27,3758.08,3895.54,3895.73,3757.09,17273404600,2.97E+11
2022/4/28,3883.42,3921.11,3943.43,3873.58,15305658600,2.69E+11
2022/4/29,3939.62,4016.24,4017.43,3898.57,17945837700,3.21E+11
2022/5/5,3995.35,4010.21,4039.7,3988.93,15417071600,2.91E+11
2022/5/6,3928.85,3908.82,3947.24,3902.05,12300555100,2.15E+11
2022/5/9,3883.95,3877.44,3914.11,3854.94,9293669400,1.72E+11
2022/5/10,3820.63,3919.87,3932.68,3808.57,13641691800,2.39E+11
2022/5/11,3917.93,3976.42,4033.3,3916.52,16563225600,3.09E+11
2022/5/12,3949.95,3958.74,3985.93,3935.59,11337606600,2.02E+11
2022/5/13,3983.82,3988.6,4003.85,3957.14,10996835700,1.96E+11
2022/5/16,4015,3956.54,4018.03,3947.75,11242529400,2.00E+11
2022/5/17,3961.76,4005.89,4005.89,3955.1,10966145400,2.10E+11
2022/5/18,4015.01,3991.91,4017.34,3964.75,10807423300,2.02E+11
2022/5/19,3938.3,3999.6,3999.6,3933.75,11629342000,2.10E+11
2022/5/20,4020.82,4077.6,4077.6,4020.82,14706917300,2.66E+11
2022/5/23,4080.97,4053.98,4080.97,4029.08,13047781000,2.26E+11
2022/5/24,4052.87,3959.15,4055.78,3959.15,14555433600,2.48E+11
2022/5/25,3959.77,3983.18,3983.62,3946.81,10773401500,1.89E+11
2022/5/26,3987.68,3993.04,4015.75,3938.24,12626368900,2.17E+11
2022/5/27,4022.71,4001.3,4051.14,3983.38,11276933700,2.07E+11
2022/5/30,4020.86,4029.02,4040.82,4003.38,11115224100,2.11E+11
2022/5/31,4031.76,4091.52,4096.2,4020.38,13541551300,2.68E+11
2022/6/1,4086.62,4083.18,4094.9,4058.85,11485087900,2.25E+11
2022/6/2,4064,4089.57,4091.15,4057.91,11389363800,2.23E+11
2022/6/6,4090.53,4166.09,4166.62,4063.91,16787101100,3.24E+11
2022/6/7,4165.69,4179.13,4198.09,4155.17,14299288100,2.86E+11
2022/6/8,4187.15,4219.81,4224.81,4158.03,15737405700,3.19E+11
2022/6/9,4211.72,4175.67,4227.45,4160.88,16844915400,2.85E+11
2022/6/10,4145.65,4238.99,4241.35,4140.22,18479621400,3.24E+11
2022/6/13,4194.46,4189.35,4218.23,4156.71,16847562200,3.37E+11
2022/6/14,4143.22,4222.31,4224.09,4102.93,17138590400,3.35E+11
2022/6/15,4228.29,4278.22,4348.42,4228.29,25704659000,4.60E+11
2022/6/16,4282.08,4250.06,4302.92,4241.08,18407441600,3.37E+11
2022/6/17,4219.23,4309.04,4318.77,4218.68,15864909800,3.47E+11
2022/6/20,4322.83,4330.43,4368.36,4297.89,16566638200,3.60E+11
2022/6/21,4327.92,4325.57,4357.34,4287.14,16466761500,3.17E+11
2022/6/22,4331.9,4270.62,4333.18,4269.25,15856585400,2.99E+11
2022/6/23,4277.96,4343.88,4343.88,4260.9,17088236000,3.27E+11
2022/6/24,4354.55,4394.77,4400.69,4346.12,16897219900,3.56E+11
2022/6/27,4414.33,4444.26,4472.69,4414.33,17738567600,3.81E+11
2022/6/28,4442.58,4490.52,4497.89,4407.35,17475648900,3.62E+11
2022/6/29,4472.73,4421.36,4503.13,4414,18727668800,3.96E+11
2022/6/30,4418.07,4485.01,4515,4418.07,15666628900,3.54E+11
2022/7/1,4489.52,4466.72,4500.99,4449.29,14477959900,3.18E+11
2022/7/4,4447.22,4496.03,4496.03,4427.82,14634565100,3.57E+11
2022/7/5,4505.46,4489.54,4530.32,4439.45,15496241500,3.62E+11
2022/7/6,4475.48,4423.97,4484.36,4393.42,14980023500,3.45E+11
2022/7/7,4425.28,4443.47,4457.34,4391.19,13266090600,3.28E+11
2022/7/8,4468.06,4428.78,4479.49,4426.89,12319573900,3.04E+11
2022/7/11,4406.15,4354.62,4406.15,4330.58,13444857800,2.99E+11
2022/7/12,4352.65,4313.62,4370.34,4296.62,13018783800,2.91E+11
2022/7/13,4313.36,4321.46,4341.47,4284.94,13111317900,2.86E+11
2022/7/14,4308.82,4322.07,4352.1,4292.76,14525092600,3.02E+11
2022/7/15,4299.47,4248.53,4344.86,4248.53,15021445300,3.17E+11
2022/7/18,4262.15,4292.59,4300.78,4217.51,12260119200,2.81E+11
2022/7/19,4288.44,4269.34,4288.44,4238.82,10380573000,2.31E+11
2022/7/20,4291.28,4283.8,4303.37,4269.97,9449014400,2.12E+11
2022/7/21,4270.36,4236.06,4283.15,4236.05,11715634400,2.39E+11
2022/7/22,4251.79,4238.23,4275.47,4207.31,10384062400,2.24E+11
2022/7/25,4233.93,4212.64,4234.84,4201.92,8363666400,1.88E+11
2022/7/26,4220.09,4245.98,4259.99,4214.53,8582327400,1.98E+11
2022/7/27,4236.15,4225.04,4242.1,4217.28,7890494000,1.94E+11
2022/7/28,4242.27,4225.67,4267.92,4223.03,10753193000,2.44E+11
2022/7/29,4226.42,4170.1,4243.51,4160.87,11417928600,2.53E+11
2022/8/1,4160.65,4188.68,4196.57,4129.45,10774902900,2.51E+11
2022/8/2,4144.38,4107.02,4144.38,4071.43,14222442500,2.81E+11
2022/8/3,4114.83,4066.98,4150.98,4058.18,11666612400,2.69E+11
2022/8/4,4089.44,4101.54,4108.16,4064.66,8953264400,2.17E+11
2022/8/5,4109.63,4156.91,4159.48,4097.86,10257100400,2.47E+11
2022/8/8,4142.11,4148.07,4155.73,4135.08,9020813800,2.24E+11
2022/8/9,4143.67,4156.29,4161.81,4131.43,8413695900,2.14E+11
2022/8/10,4149.21,4109.74,4160.79,4092.55,8556583900,2.17E+11
2022/8/11,4130.74,4193.54,4193.81,4116.06,12138505100,2.70E+11
2022/8/12,4185.42,4191.15,4202.47,4175.05,10680829500,2.19E+11
2022/8/15,4180,4185.68,4219.92,4174.3,10589849500,2.46E+11
2022/8/16,4190.53,4177.84,4208.8,4170.52,9390613900,2.34E+11
2022/8/17,4182.57,4216.96,4222.79,4155.17,11286465900,2.52E+11
2022/8/18,4205.79,4180.1,4211.91,4173.54,10105265000,2.33E+11
2022/8/19,4174.55,4151.07,4185.66,4151.07,11740297800,2.62E+11
2022/8/22,4135.16,4181.4,4183.65,4134.2,11244272000,2.60E+11
2022/8/23,4175.53,4161.08,4187.39,4147.41,10315351200,2.39E+11
2022/8/24,4168.58,4082.42,4174.16,4079.09,11906967900,2.63E+11
2022/8/25,4093.29,4116.24,4119.62,4058.75,11132074500,2.42E+11
2022/8/26,4127.81,4107.55,4139.79,4102.68,9900049300,2.26E+11
2022/8/29,4063.88,4089.52,4092.95,4059.6,9435443200,2.03E+11
2022/8/30,4088.53,4075.79,4093.14,4048.52,9330166200,1.93E+11
2022/8/31,4057.14,4078.84,4112.85,4046.62,13244976500,2.93E+11
2022/9/1,4066.19,4043.74,4090.89,4041.13,9738707100,2.11E+11
2022/9/2,4054.84,4023.61,4056.18,4004.91,8678927800,1.84E+11
2022/9/5,4010.41,4015.43,4017,3982.74,9376710900,2.01E+11
2022/9/6,4024.47,4052.28,4054,4009.58,11350626500,2.36E+11
2022/9/7,4032.72,4054.98,4067.54,4028.37,10767805900,2.15E+11
2022/9/8,4059.17,4037.68,4067.76,4036.02,10088604900,1.87E+11
2022/9/9,4050.59,4093.79,4099.01,4042.25,11842711400,2.21E+11
2022/9/13,4112.01,4111.11,4128.11,4097.14,11178973700,2.19E+11
2022/9/14,4058.04,4065.36,4089.06,4047.92,9079368100,1.85E+11
2022/9/15,4078.65,4027.12,4088.81,3998.86,12395119600,2.54E+11
2022/9/16,4013.58,3932.68,4019.41,3932.68,13719365500,2.41E+11
2022/9/19,3928.42,3928,3953.65,3910.31,9771957500,1.84E+11
2022/9/20,3945.65,3932.84,3957.55,3921.69,8482413400,1.79E+11
2022/9/21,3921.32,3903.73,3924.39,3884.23,8645839100,1.69E+11
2022/9/22,3875.18,3869.34,3900.27,3860.23,8094691900,1.61E+11
2022/9/23,3865.1,3856.02,3888.4,3829.69,9434246200,1.73E+11
2022/9/26,3829.6,3836.68,3893.32,3827.95,10452603100,1.93E+11
2022/9/27,3844.07,3892.3,3893.03,3827.93,8886016000,1.86E+11
2022/9/28,3879.44,3828.71,3879.44,3828.05,8659221300,1.72E+11
2022/9/29,3864.32,3827.14,3873.18,3808.65,8565414200,1.72E+11
2022/9/30,3833.35,3804.89,3848.6,3801.28,7855996600,1.59E+11
2022/10/10,3806.56,3720.94,3807.46,3715.71,10264759500,1.95E+11
2022/10/11,3732.02,3727.69,3739.81,3706.06,8394462500,1.67E+11
2022/10/12,3722.87,3784.31,3784.31,3661.53,10808931900,2.11E+11
2022/10/13,3756.42,3752.67,3783.6,3749.64,9901891500,1.98E+11
2022/10/14,3783.32,3842.47,3863.23,3780.84,11624229300,2.57E+11
2022/10/17,3822.24,3846.41,3849.62,3809.12,10419201900,2.20E+11
2022/10/18,3865.83,3838.27,3870.22,3831.17,8834690700,1.87E+11
2022/10/19,3827.47,3776.53,3840.49,3776.53,8157484400,1.87E+11
2022/10/20,3746.58,3754.93,3804.25,3726.79,9029089500,2.04E+11
2022/10/21,3753.89,3742.89,3768.69,3724.69,9875003800,1.81E+11
2022/10/24,3727.92,3633.37,3762.16,3619.99,13005686400,2.59E+11
2022/10/25,3621.94,3627.45,3670.73,3594.7,11095388200,2.19E+11
2022/10/26,3633.31,3656.9,3700.88,3633.31,12130154800,2.42E+11
2022/10/27,3667.66,3631.14,3685.08,3631.06,11799867500,2.57E+11
2022/10/28,3605.16,3541.33,3618.86,3533.5,11877216200,2.46E+11
